code,name
sz000001,深发展Ａ
sz000002,万科Ａ
sz000004,国农科技
sz000005,世纪星源
sz000006,深振业Ａ
sz000007,ST零七
sz000008,ST宝利来
sz000009,中国宝安
sz000010,SST华新
sz000011,深物业A
sz000012,南玻Ａ
sz000014,沙河股份
sz000016,深康佳Ａ
sz000017,*ST中华A
sz000018,ST中冠A
sz000019,深深宝Ａ
sz000020,深华发Ａ
sz000021,长城开发
sz000022,深赤湾Ａ
sz000023,深天地Ａ
sz000024,招商地产
sz000025,特力Ａ
sz000026,飞亚达Ａ
sz000027,深圳能源
sz000028,一致药业
sz000029,深深房Ａ
sz000030,*ST盛润A
sz000031,中粮地产
sz000032,深桑达Ａ
sz000033,新都酒店
sz000034,深信泰丰
sz000035,*ST科健
sz000036,华联控股
sz000037,深南电Ａ
sz000039,中集集团
sz000040,宝安地产
sz000042,深长城
sz000043,中航地产
sz000045,深纺织Ａ
sz000046,泛海建设
sz000048,ST康达尔
sz000049,德赛电池
sz000050,深天马Ａ
sz000055,方大集团
sz000056,深国商
sz000058,深赛格
sz000059,辽通化工
sz000060,中金岭南
sz000061,农产品
sz000062,深圳华强
sz000063,中兴通讯
sz000065,北方国际
sz000066,长城电脑
sz000068,ST三星
sz000069,华侨城Ａ
sz000070,特发信息
sz000078,海王生物
sz000088,盐田港
sz000089,深圳机场
sz000090,深天健
sz000096,广聚能源
sz000099,中信海直
sz000100,TCL集团
sz000150,宜华地产
sz000151,中成股份
sz000153,丰原药业
sz000155,川化股份
sz000157,中联重科
sz000158,常山股份
sz000159,国际实业
sz000301,东方市场
sz000338,潍柴动力
sz000400,许继电气
sz000401,冀东水泥
sz000402,金融街
sz000404,华意压缩
sz000407,胜利股份
sz000408,ST金谷源
sz000409,*ST泰复
sz000410,沈阳机床
sz000411,英特集团
sz000413,宝石Ａ
sz000415,渤海租赁
sz000416,民生投资
sz000417,合肥百货
sz000418,小天鹅Ａ
sz000419,通程控股
sz000420,吉林化纤
sz000421,南京中北
sz000422,湖北宜化
sz000423,东阿阿胶
sz000425,徐工机械
sz000426,富龙热电
sz000428,华天酒店
sz000429,粤高速Ａ
sz000430,ST张家界
sz000488,晨鸣纸业
sz000501,鄂武商Ａ
sz000502,绿景控股
sz000503,海虹控股
sz000504,ST传媒
sz000505,ST珠江
sz000506,中润投资
sz000507,珠海港
sz000509,SST华塑
sz000510,金路集团
sz000511,银基发展
sz000513,丽珠集团
sz000514,渝开发
sz000516,开元投资
sz000517,荣安地产
sz000518,四环生物
sz000519,江南红箭
sz000520,长航凤凰
sz000521,美菱电器
sz000522,白云山Ａ
sz000523,广州浪奇
sz000524,东方宾馆
sz000525,红太阳
sz000526,旭飞投资
sz000527,美的电器
sz000528,柳工
sz000529,广弘控股
sz000530,大冷股份
sz000531,穗恒运Ａ
sz000532,力合股份
sz000533,万家乐
sz000534,万泽股份
sz000536,华映科技
sz000537,广宇发展
sz000538,云南白药
sz000539,粤电力Ａ
sz000540,中天城投
sz000541,佛山照明
sz000543,皖能电力
sz000544,中原环保
sz000545,*ST吉药
sz000546,光华控股
sz000547,闽福发Ａ
sz000548,湖南投资
sz000550,江铃汽车
sz000551,创元科技
sz000552,靖远煤电
sz000553,沙隆达Ａ
sz000554,泰山石油
sz000555,ST太光
sz000557,*ST广夏
sz000558,莱茵置业
sz000559,万向钱潮
sz000560,昆百大Ａ
sz000561,烽火电子
sz000562,宏源证券
sz000563,陕国投Ａ
sz000564,西安民生
sz000565,渝三峡Ａ
sz000566,海南海药
sz000567,海德股份
sz000568,泸州老窖
sz000570,苏常柴Ａ
sz000571,新大洲Ａ
sz000572,海马汽车
sz000573,粤宏远Ａ
sz000576,ST甘化
sz000581,威孚高科
sz000582,北海港
sz000584,友利控股
sz000585,东北电气
sz000586,汇源通信
sz000587,ST光明
sz000589,黔轮胎Ａ
sz000590,紫光古汉
sz000591,桐君阁
sz000592,中福实业
sz000593,大通燃气
sz000594,国恒铁路
sz000595,*ST西轴
sz000596,古井贡酒
sz000597,东北制药
sz000598,兴蓉投资
sz000599,青岛双星
sz000600,建投能源
sz000601,韶能股份
sz000602,*ST金马
sz000603,ST盛达
sz000605,ST四环
sz000606,青海明胶
sz000607,*ST华控
sz000608,阳光股份
sz000609,绵世股份
sz000610,西安旅游
sz000611,时代科技
sz000612,焦作万方
sz000613,ST东海Ａ
sz000615,湖北金环
sz000616,亿城股份
sz000617,石油济柴
sz000619,海螺型材
sz000620,新华联
sz000623,吉林敖东
sz000625,长安汽车
sz000626,如意集团
sz000627,天茂集团
sz000628,高新发展
sz000629,攀钢钒钛
sz000630,铜陵有色
sz000631,顺发恒业
sz000632,三木集团
sz000633,ST合金
sz000635,英力特
sz000636,风华高科
sz000637,茂化实华
sz000638,万方地产
sz000639,西王食品
sz000650,仁和药业
sz000651,格力电器
sz000652,泰达股份
sz000655,金岭矿业
sz000656,金科股份
sz000659,珠海中富
sz000661,长春高新
sz000662,索芙特
sz000663,永安林业
sz000665,武汉塑料
sz000666,经纬纺机
sz000667,名流置业
sz000668,荣丰控股
sz000669,领先科技
sz000671,阳光城
sz000673,ST当代
sz000676,ST思达
sz000677,ST海龙
sz000678,襄阳轴承
sz000679,大连友谊
sz000680,山推股份
sz000682,东方电子
sz000683,远兴能源
sz000685,中山公用
sz000686,东北证券
sz000687,保定天鹅
sz000690,宝新能源
sz000691,*ST亚太
sz000692,惠天热电
sz000695,滨海能源
sz000697,*ST偏转
sz000698,沈阳化工
sz000700,模塑科技
sz000701,厦门信达
sz000702,正虹科技
sz000703,恒逸石化
sz000705,浙江震元
sz000707,双环科技
sz000708,大冶特钢
sz000709,河北钢铁
sz000710,天兴仪表
sz000711,天伦置业
sz000712,锦龙股份
sz000713,丰乐种业
sz000715,中兴商业
sz000716,南方食品
sz000717,韶钢松山
sz000718,苏宁环球
sz000720,ST能山
sz000721,西安饮食
sz000723,美锦能源
sz000725,京东方Ａ
sz000726,鲁泰Ａ
sz000727,华东科技
sz000728,国元证券
sz000729,燕京啤酒
sz000731,四川美丰
sz000732,泰禾集团
sz000733,振华科技
sz000735,罗牛山
sz000736,重庆实业
sz000737,*ST南风
sz000738,中航动控
sz000739,普洛股份
sz000748,长城信息
sz000750,国海证券
sz000751,锌业股份
sz000752,西藏发展
sz000753,漳州发展
sz000755,山西三维
sz000756,新华制药
sz000758,中色股份
sz000759,中百集团
sz000760,博盈投资
sz000761,本钢板材
sz000762,西藏矿业
sz000766,通化金马
sz000767,漳泽电力
sz000768,西飞国际
sz000776,广发证券
sz000777,中核科技
sz000778,新兴铸管
sz000779,三毛派神
sz000780,平庄能源
sz000782,美达股份
sz000783,长江证券
sz000785,武汉中商
sz000786,北新建材
sz000788,西南合成
sz000789,江西水泥
sz000790,华神集团
sz000791,西北化工
sz000792,盐湖股份
sz000793,华闻传媒
sz000795,太原刚玉
sz000796,易食股份
sz000797,中国武夷
sz000798,中水渔业
sz000799,酒鬼酒
sz000800,一汽轿车
sz000801,四川九洲
sz000802,北京旅游
sz000803,金宇车城
sz000806,银河科技
sz000807,云铝股份
sz000809,中汇医药
sz000810,华润锦华
sz000811,烟台冰轮
sz000812,陕西金叶
sz000813,天山纺织
sz000815,美利纸业
sz000816,江淮动力
sz000818,ST化工
sz000819,岳阳兴长
sz000821,京山轻机
sz000822,山东海化
sz000823,超声电子
sz000825,太钢不锈
sz000826,桑德环境
sz000828,东莞控股
sz000829,天音控股
sz000830,鲁西化工
sz000833,贵糖股份
sz000835,四川圣达
sz000836,鑫茂科技
sz000837,秦川发展
sz000838,国兴地产
sz000839,中信国安
sz000848,承德露露
sz000850,华茂股份
sz000851,高鸿股份
sz000852,江钻股份
sz000856,ST唐陶
sz000858,五粮液
sz000859,国风塑业
sz000860,顺鑫农业
sz000861,海印股份
sz000862,银星能源
sz000868,安凯客车
sz000869,张裕Ａ
sz000875,吉电股份
sz000876,新希望
sz000877,天山股份
sz000878,云南铜业
sz000880,潍柴重机
sz000881,大连国际
sz000882,华联股份
sz000883,湖北能源
sz000885,同力水泥
sz000886,海南高速
sz000887,中鼎股份
sz000888,峨眉山Ａ
sz000889,渤海物流
sz000890,法尔胜
sz000892,*ST星美
sz000893,东凌粮油
sz000895,双汇发展
sz000897,津滨发展
sz000898,鞍钢股份
sz000899,赣能股份
sz000900,现代投资
sz000901,航天科技
sz000902,中国服装
sz000903,云内动力
sz000905,厦门港务
sz000906,南方建材
sz000908,ST天一
sz000909,数源科技
sz000910,大亚科技
sz000911,南宁糖业
sz000912,泸天化
sz000913,钱江摩托
sz000915,山大华特
sz000916,华北高速
sz000917,电广传媒
sz000918,嘉凯城
sz000919,金陵药业
sz000920,南方汇通
sz000921,ST科龙
sz000922,ST阿继
sz000923,河北宣工
sz000925,众合机电
sz000926,福星股份
sz000927,一汽夏利
sz000928,中钢吉炭
sz000929,兰州黄河
sz000930,中粮生化
sz000931,中关村
sz000932,华菱钢铁
sz000933,神火股份
sz000935,四川双马
sz000936,华西村
sz000937,冀中能源
sz000938,紫光股份
sz000939,凯迪电力
sz000948,南天信息
sz000949,新乡化纤
sz000950,建峰化工
sz000951,中国重汽
sz000952,广济药业
sz000953,ST河化
sz000955,ST欣龙
sz000957,中通客车
sz000958,ST东热
sz000959,首钢股份
sz000960,锡业股份
sz000961,中南建设
sz000962,东方钽业
sz000963,华东医药
sz000965,天保基建
sz000966,长源电力
sz000967,上风高科
sz000968,煤气化
sz000969,安泰科技
sz000970,中科三环
sz000971,ST迈亚
sz000972,新中基
sz000973,佛塑科技
sz000975,科学城
sz000976,春晖股份
sz000977,浪潮信息
sz000978,桂林旅游
sz000979,中弘股份
sz000980,金马股份
sz000981,ST兰光
sz000982,中银绒业
sz000983,西山煤电
sz000985,大庆华科
sz000987,广州友谊
sz000988,华工科技
sz000989,九芝堂
sz000990,诚志股份
sz000993,闽东电力
sz000995,ST皇台
sz000996,中国中期
sz000997,新大陆
sz000998,隆平高科
sz000999,华润三九
sz001696,宗申动力
sz001896,豫能控股
sz002001,新和成
sz002002,ST琼花
sz002003,伟星股份
sz002004,华邦制药
sz002005,德豪润达
sz002006,精功科技
sz002007,华兰生物
sz002008,大族激光
sz002009,天奇股份
sz002010,传化股份
sz002011,盾安环境
sz002012,凯恩股份
sz002013,中航精机
sz002014,永新股份
sz002015,霞客环保
sz002016,世荣兆业
sz002017,东信和平
sz002018,华星化工
sz002019,鑫富药业
sz002020,京新药业
sz002021,中捷股份
sz002022,科华生物
sz002023,海特高新
sz002024,苏宁电器
sz002025,航天电器
sz002026,山东威达
sz002027,七喜控股
sz002028,思源电气
sz002029,七匹狼
sz002030,达安基因
sz002031,巨轮股份
sz002032,苏泊尔
sz002033,丽江旅游
sz002034,美欣达
sz002035,华帝股份
sz002036,宜科科技
sz002037,久联发展
sz002038,双鹭药业
sz002039,黔源电力
sz002040,南京港
sz002041,登海种业
sz002042,华孚色纺
sz002043,兔宝宝
sz002044,江苏三友
sz002045,广州国光
sz002046,轴研科技
sz002047,成霖股份
sz002048,宁波华翔
sz002049,晶源电子
sz002050,三花股份
sz002051,中工国际
sz002052,同洲电子
sz002053,云南盐化
sz002054,德美化工
sz002055,得润电子
sz002056,横店东磁
sz002057,中钢天源
sz002058,威尔泰
sz002059,云南旅游
sz002060,粤水电
sz002061,江山化工
sz002062,宏润建设
sz002063,远光软件
sz002064,华峰氨纶
sz002065,东华软件
sz002066,瑞泰科技
sz002067,景兴纸业
sz002068,黑猫股份
sz002069,獐子岛
sz002070,众和股份
sz002071,江苏宏宝
sz002072,ST德棉
sz002073,软控股份
sz002074,东源电器
sz002075,沙钢股份
sz002076,雪莱特
sz002077,大港股份
sz002078,太阳纸业
sz002079,苏州固锝
sz002080,中材科技
sz002081,金螳螂
sz002082,栋梁新材
sz002083,孚日股份
sz002084,海鸥卫浴
sz002085,万丰奥威
sz002086,东方海洋
sz002087,新野纺织
sz002088,鲁阳股份
sz002089,新海宜
sz002090,金智科技
sz002091,江苏国泰
sz002092,中泰化学
sz002093,国脉科技
sz002094,青岛金王
sz002095,生意宝
sz002096,南岭民爆
sz002097,山河智能
sz002098,浔兴股份
sz002099,海翔药业
sz002100,天康生物
sz002101,广东鸿图
sz002102,冠福家用
sz002103,广博股份
sz002104,恒宝股份
sz002105,信隆实业
sz002106,莱宝高科
sz002107,沃华医药
sz002108,沧州明珠
sz002109,兴化股份
sz002110,三钢闽光
sz002111,威海广泰
sz002112,三变科技
sz002113,*ST天润
sz002114,罗平锌电
sz002115,三维通信
sz002116,中国海诚
sz002117,东港股份
sz002118,紫鑫药业
sz002119,康强电子
sz002120,新海股份
sz002121,科陆电子
sz002122,天马股份
sz002123,荣信股份
sz002124,天邦股份
sz002125,湘潭电化
sz002126,银轮股份
sz002127,新民科技
sz002128,露天煤业
sz002129,中环股份
sz002130,沃尔核材
sz002131,利欧股份
sz002132,恒星科技
sz002133,广宇集团
sz002134,天津普林
sz002135,东南网架
sz002136,安纳达
sz002137,实益达
sz002138,顺络电子
sz002139,拓邦股份
sz002140,东华科技
sz002141,蓉胜超微
sz002142,宁波银行
sz002143,高金食品
sz002144,宏达高科
sz002145,*ST钛白
sz002146,荣盛发展
sz002147,方圆支承
sz002148,北纬通信
sz002149,西部材料
sz002150,江苏通润
sz002151,北斗星通
sz002152,广电运通
sz002153,石基信息
sz002154,报喜鸟
sz002155,辰州矿业
sz002156,通富微电
sz002157,正邦科技
sz002158,汉钟精机
sz002159,三特索道
sz002160,常铝股份
sz002161,远望谷
sz002162,斯米克
sz002163,中航三鑫
sz002164,东力传动
sz002165,红宝丽
sz002166,莱茵生物
sz002167,东方锆业
sz002168,深圳惠程
sz002169,智光电气
sz002170,芭田股份
sz002171,精诚铜业
sz002172,澳洋科技
sz002173,山下湖
sz002174,梅花伞
sz002175,广陆数测
sz002176,江特电机
sz002177,御银股份
sz002178,延华智能
sz002179,中航光电
sz002180,万力达
sz002181,粤传媒
sz002182,云海金属
sz002183,怡亚通
sz002184,海得控制
sz002185,华天科技
sz002186,全聚德
sz002187,广百股份
sz002188,新嘉联
sz002189,利达光电
sz002190,成飞集成
sz002191,劲嘉股份
sz002192,路翔股份
sz002193,山东如意
sz002194,武汉凡谷
sz002195,海隆软件
sz002196,方正电机
sz002197,证通电子
sz002198,嘉应制药
sz002199,东晶电子
sz002200,*ST大地
sz002201,九鼎新材
sz002202,金风科技
sz002203,海亮股份
sz002204,华锐铸钢
sz002205,国统股份
sz002206,海利得
sz002207,准油股份
sz002208,合肥城建
sz002209,达意隆
sz002210,飞马国际
sz002211,宏达新材
sz002212,南洋股份
sz002213,特尔佳
sz002214,大立科技
sz002215,诺普信
sz002216,三全食品
sz002217,联合化工
sz002218,拓日新能
sz002219,独一味
sz002220,天宝股份
sz002221,东华能源
sz002222,福晶科技
sz002223,鱼跃医疗
sz002224,三力士
sz002225,濮耐股份
sz002226,江南化工
sz002227,奥特迅
sz002228,合兴包装
sz002229,鸿博股份
sz002230,科大讯飞
sz002231,奥维通信
sz002232,启明信息
sz002233,塔牌集团
sz002234,民和股份
sz002235,安妮股份
sz002236,大华股份
sz002237,恒邦股份
sz002238,天威视讯
sz002239,金飞达
sz002240,威华股份
sz002241,歌尔声学
sz002242,九阳股份
sz002243,通产丽星
sz002244,滨江集团
sz002245,澳洋顺昌
sz002246,北化股份
sz002247,帝龙新材
sz002248,华东数控
sz002249,大洋电机
sz002250,联化科技
sz002251,步步高
sz002252,上海莱士
sz002253,川大智胜
sz002254,泰和新材
sz002255,海陆重工
sz002256,彩虹精化
sz002258,利尔化学
sz002259,升达林业
sz002260,伊立浦
sz002261,拓维信息
sz002262,恩华药业
sz002263,大东南
sz002264,新华都
sz002265,西仪股份
sz002266,浙富股份
sz002267,陕天然气
sz002268,卫士通
sz002269,美邦服饰
sz002270,法因数控
sz002271,东方雨虹
sz002272,川润股份
sz002273,水晶光电
sz002274,华昌化工
sz002275,桂林三金
sz002276,万马电缆
sz002277,友阿股份
sz002278,神开股份
sz002279,久其软件
sz002280,新世纪
sz002281,光迅科技
sz002282,博深工具
sz002283,天润曲轴
sz002284,亚太股份
sz002285,世联地产
sz002286,保龄宝
sz002287,奇正藏药
sz002288,超华科技
sz002289,宇顺电子
sz002290,禾盛新材
sz002291,星期六
sz002292,奥飞动漫
sz002293,罗莱家纺
sz002294,信立泰
sz002295,精艺股份
sz002296,辉煌科技
sz002297,博云新材
sz002298,鑫龙电器
sz002299,圣农发展
sz002300,太阳电缆
sz002301,齐心文具
sz002302,西部建设
sz002303,美盈森
sz002304,洋河股份
sz002305,南国置业
sz002306,湘鄂情
sz002307,北新路桥
sz002308,威创股份
sz002309,中利科技
sz002310,东方园林
sz002311,海大集团
sz002312,三泰电子
sz002313,日海通讯
sz002314,雅致股份
sz002315,焦点科技
sz002316,键桥通讯
sz002317,众生药业
sz002318,久立特材
sz002319,乐通股份
sz002320,海峡股份
sz002321,华英农业
sz002322,理工监测
sz002323,中联电气
sz002324,普利特
sz002325,洪涛股份
sz002326,永太科技
sz002327,富安娜
sz002328,新朋股份
sz002329,皇氏乳业
sz002330,得利斯
sz002331,皖通科技
sz002332,仙琚制药
sz002333,罗普斯金
sz002334,英威腾
sz002335,科华恒盛
sz002336,人人乐
sz002337,赛象科技
sz002338,奥普光电
sz002339,积成电子
sz002340,格林美
sz002341,新纶科技
sz002342,巨力索具
sz002343,禾欣股份
sz002344,海宁皮城
sz002345,潮宏基
sz002346,柘中建设
sz002347,泰尔重工
sz002348,高乐股份
sz002349,精华制药
sz002350,北京科锐
sz002351,漫步者
sz002352,鼎泰新材
sz002353,杰瑞股份
sz002354,科冕木业
sz002355,兴民钢圈
sz002356,浩宁达
sz002357,富临运业
sz002358,森源电气
sz002359,齐星铁塔
sz002360,同德化工
sz002361,神剑股份
sz002362,汉王科技
sz002363,隆基机械
sz002364,中恒电气
sz002365,永安药业
sz002366,丹甫股份
sz002367,康力电梯
sz002368,太极股份
sz002369,卓翼科技
sz002370,亚太药业
sz002371,七星电子
sz002372,伟星新材
sz002373,联信永益
sz002374,丽鹏股份
sz002375,亚厦股份
sz002376,新北洋
sz002377,国创高新
sz002378,章源钨业
sz002379,鲁丰股份
sz002380,科远股份
sz002381,双箭股份
sz002382,蓝帆股份
sz002383,合众思壮
sz002384,东山精密
sz002385,大北农
sz002386,天原集团
sz002387,黑牛食品
sz002388,新亚制程
sz002389,南洋科技
sz002390,信邦制药
sz002391,长青股份
sz002392,北京利尔
sz002393,力生制药
sz002394,联发股份
sz002395,双象股份
sz002396,星网锐捷
sz002397,梦洁家纺
sz002398,建研集团
sz002399,海普瑞
sz002400,省广股份
sz002401,中海科技
sz002402,和而泰
sz002403,爱仕达
sz002404,嘉欣丝绸
sz002405,四维图新
sz002406,远东传动
sz002407,多氟多
sz002408,齐翔腾达
sz002409,雅克科技
sz002410,广联达
sz002411,九九久
sz002412,汉森制药
sz002413,常发股份
sz002414,高德红外
sz002415,海康威视
sz002416,爱施德
sz002417,三元达
sz002418,康盛股份
sz002419,天虹商场
sz002420,毅昌股份
sz002421,达实智能
sz002422,科伦药业
sz002423,中原特钢
sz002424,贵州百灵
sz002425,凯撒股份
sz002426,胜利精密
sz002427,尤夫股份
sz002428,云南锗业
sz002429,兆驰股份
sz002430,杭氧股份
sz002431,棕榈园林
sz002432,九安医疗
sz002433,太安堂
sz002434,万里扬
sz002435,长江润发
sz002436,兴森科技
sz002437,誉衡药业
sz002438,江苏神通
sz002439,启明星辰
sz002440,闰土股份
sz002441,众业达
sz002442,龙星化工
sz002443,金洲管道
sz002444,巨星科技
sz002445,中南重工
sz002446,盛路通信
sz002447,壹桥苗业
sz002448,中原内配
sz002449,国星光电
sz002450,康得新
sz002451,摩恩电气
sz002452,长高集团
sz002453,天马精化
sz002454,松芝股份
sz002455,百川股份
sz002456,欧菲光
sz002457,青龙管业
sz002458,益生股份
sz002459,天业通联
sz002460,赣锋锂业
sz002461,珠江啤酒
sz002462,嘉事堂
sz002463,沪电股份
sz002464,金利科技
sz002465,海格通信
sz002466,天齐锂业
sz002467,二六三
sz002468,艾迪西
sz002469,三维工程
sz002470,金正大
sz002471,中超电缆
sz002472,双环传动
sz002473,圣莱达
sz002474,榕基软件
sz002475,立讯精密
sz002476,宝莫股份
sz002477,雏鹰农牧
sz002478,常宝股份
sz002479,富春环保
sz002480,新筑股份
sz002481,双塔食品
sz002482,广田股份
sz002483,润邦股份
sz002484,江海股份
sz002485,希努尔
sz002486,嘉麟杰
sz002487,大金重工
sz002488,金固股份
sz002489,浙江永强
sz002490,山东墨龙
sz002491,通鼎光电
sz002492,恒基达鑫
sz002493,荣盛石化
sz002494,华斯股份
sz002495,佳隆股份
sz002496,辉丰股份
sz002497,雅化集团
sz002498,汉缆股份
sz002499,科林环保
sz002500,山西证券
sz002501,利源铝业
sz002502,骅威股份
sz002503,搜于特
sz002504,东光微电
sz002505,大康牧业
sz002506,超日太阳
sz002507,涪陵榨菜
sz002508,老板电器
sz002509,天广消防
sz002510,天汽模
sz002511,中顺洁柔
sz002512,达华智能
sz002513,蓝丰生化
sz002514,宝馨科技
sz002515,金字火腿
sz002516,江苏旷达
sz002517,泰亚股份
sz002518,科士达
sz002519,银河电子
sz002520,日发数码
sz002521,齐峰股份
sz002522,浙江众成
sz002523,天桥起重
sz002524,光正钢构
sz002526,山东矿机
sz002527,新时达
sz002528,英飞拓
sz002529,海源机械
sz002530,丰东股份
sz002531,天顺风能
sz002532,新界泵业
sz002533,金杯电工
sz002534,杭锅股份
sz002535,林州重机
sz002536,西泵股份
sz002537,海立美达
sz002538,司尔特
sz002539,新都化工
sz002540,亚太科技
sz002541,鸿路钢构
sz002542,中化岩土
sz002543,万和电气
sz002544,杰赛科技
sz002545,东方铁塔
sz002546,新联电子
sz002547,春兴精工
sz002548,金新农
sz002549,凯美特气
sz002550,千红制药
sz002551,尚荣医疗
sz002552,宝鼎重工
sz002553,南方轴承
sz002554,惠博普
sz002555,顺荣股份
sz002556,辉隆股份
sz002557,洽洽食品
sz002558,世纪游轮
sz002559,亚威股份
sz002560,通达股份
sz002561,徐家汇
sz002562,兄弟科技
sz002563,森马服饰
sz002564,张化机
sz002565,上海绿新
sz002566,益盛药业
sz002567,唐人神
sz002568,百润股份
sz002569,步森股份
sz002570,贝因美
sz002571,德力股份
sz002572,索菲亚
sz002573,国电清新
sz002574,明牌珠宝
sz002575,群兴玩具
sz002576,通达动力
sz002577,雷柏科技
sz002578,闽发铝业
sz002579,中京电子
sz002580,圣阳股份
sz002581,万昌科技
sz002582,好想你
sz002583,海能达
sz002584,西陇化工
sz002585,双星新材
sz002586,围海股份
sz002587,奥拓电子
sz002588,史丹利
sz002589,瑞康医药
sz002590,万安科技
sz002591,恒大高新
sz002592,八菱科技
sz002593,日上集团
sz002594,比亚迪
sz002595,豪迈科技
sz002596,海南瑞泽
sz002597,金禾实业
sz002598,山东章鼓
sz002599,盛通股份
sz002600,江粉磁材
sz002601,佰利联
sz002602,世纪华通
sz002603,以岭药业
sz002604,龙力生物
sz002605,姚记扑克
sz002606,大连电瓷
sz002607,亚夏汽车
sz002608,舜天船舶
sz002609,捷顺科技
sz002610,爱康科技
sz002611,东方精工
sz002612,朗姿股份
sz002613,北玻股份
sz002614,蒙发利
sz002615,哈尔斯
sz002616,长青集团
sz002617,露笑科技
sz002618,丹邦科技
sz002619,巨龙管业
sz002620,瑞和股份
sz002621,大连三垒
sz002622,永大集团
sz002623,亚玛顿
sz002624,金磊股份
sz002625,龙生股份
sz002626,金达威
sz002627,宜昌交运
sz002628,成都路桥
sz002629,仁智油服
sz002630,华西能源
sz002631,德尔家居
sz184688,基金开元
sz184689,基金普惠
sz184690,基金同益
sz184691,基金景宏
sz184692,基金裕隆
sz184693,基金普丰
sz184698,基金天元
sz184699,基金同盛
sz184701,基金景福
sz184721,基金丰和
sz184722,基金久嘉
sz184728,基金鸿阳
sz300001,特锐德
sz300002,神州泰岳
sz300003,乐普医疗
sz300004,南风股份
sz300005,探路者
sz300006,莱美药业
sz300007,汉威电子
sz300008,上海佳豪
sz300009,安科生物
sz300010,立思辰
sz300011,鼎汉技术
sz300012,华测检测
sz300013,新宁物流
sz300014,亿纬锂能
sz300015,爱尔眼科
sz300016,北陆药业
sz300017,网宿科技
sz300018,中元华电
sz300019,硅宝科技
sz300020,银江股份
sz300021,大禹节水
sz300022,吉峰农机
sz300023,宝德股份
sz300024,机器人
sz300025,华星创业
sz300026,红日药业
sz300027,华谊兄弟
sz300028,金亚科技
sz300029,天龙光电
sz300030,阳普医疗
sz300031,宝通带业
sz300032,金龙机电
sz300033,同花顺
sz300034,钢研高纳
sz300035,中科电气
sz300036,超图软件
sz300037,新宙邦
sz300038,梅泰诺
sz300039,上海凯宝
sz300040,九洲电气
sz300041,回天胶业
sz300042,朗科科技
sz300043,星辉车模
sz300044,赛为智能
sz300045,华力创通
sz300046,台基股份
sz300047,天源迪科
sz300048,合康变频
sz300049,福瑞股份
sz300050,世纪鼎利
sz300051,三五互联
sz300052,中青宝
sz300053,欧比特
sz300054,鼎龙股份
sz300055,万邦达
sz300056,三维丝
sz300057,万顺股份
sz300058,蓝色光标
sz300059,东方财富
sz300061,康耐特
sz300062,中能电气
sz300063,天龙集团
sz300064,豫金刚石
sz300065,海兰信
sz300066,三川股份
sz300067,安诺其
sz300068,南都电源
sz300069,金利华电
sz300070,碧水源
sz300071,华谊嘉信
sz300072,三聚环保
sz300073,当升科技
sz300074,华平股份
sz300075,数字政通
sz300076,宁波GQY
sz300077,国民技术
sz300078,中瑞思创
sz300079,数码视讯
sz300080,新大新材
sz300081,恒信移动
sz300082,奥克股份
sz300083,劲胜股份
sz300084,海默科技
sz300085,银之杰
sz300086,康芝药业
sz300087,荃银高科
sz300088,长信科技
sz300089,长城集团
sz300090,盛运股份
sz300091,金通灵
sz300092,科新机电
sz300093,金刚玻璃
sz300094,国联水产
sz300095,华伍股份
sz300096,易联众
sz300097,智云股份
sz300098,高新兴
sz300099,尤洛卡
sz300100,双林股份
sz300101,国腾电子
sz300102,乾照光电
sz300103,达刚路机
sz300104,乐视网
sz300105,龙源技术
sz300106,西部牧业
sz300107,建新股份
sz300108,双龙股份
sz300109,新开源
sz300110,华仁药业
sz300111,向日葵
sz300112,万讯自控
sz300113,顺网科技
sz300114,中航电测
sz300115,长盈精密
sz300116,坚瑞消防
sz300117,嘉寓股份
sz300118,东方日升
sz300119,瑞普生物
sz300120,经纬电材
sz300121,阳谷华泰
sz300122,智飞生物
sz300123,太阳鸟
sz300124,汇川技术
sz300125,易世达
sz300126,锐奇股份
sz300127,银河磁体
sz300128,锦富新材
sz300129,泰胜风能
sz300130,新国都
sz300131,英唐智控
sz300132,青松股份
sz300133,华策影视
sz300134,大富科技
sz300135,宝利沥青
sz300136,信维通信
sz300137,先河环保
sz300138,晨光生物
sz300139,福星晓程
sz300140,启源装备
sz300141,和顺电气
sz300142,沃森生物
sz300143,星河生物
sz300144,宋城股份
sz300145,南方泵业
sz300146,汤臣倍健
sz300147,香雪制药
sz300148,天舟文化
sz300149,量子高科
sz300150,世纪瑞尔
sz300151,昌红科技
sz300152,燃控科技
sz300153,科泰电源
sz300154,瑞凌股份
sz300155,安居宝
sz300156,天立环保
sz300157,恒泰艾普
sz300158,振东制药
sz300159,新研股份
sz300160,秀强股份
sz300161,华中数控
sz300162,雷曼光电
sz300163,先锋新材
sz300164,通源石油
sz300165,天瑞仪器
sz300166,东方国信
sz300167,迪威视讯
sz300168,万达信息
sz300169,天晟新材
sz300170,汉得信息
sz300171,东富龙
sz300172,中电环保
sz300173,松德股份
sz300174,元力股份
sz300175,朗源股份
sz300176,鸿特精密
sz300177,中海达
sz300178,腾邦国际
sz300179,四方达
sz300180,华峰超纤
sz300181,佐力药业
sz300182,捷成股份
sz300183,东软载波
sz300184,力源信息
sz300185,通裕重工
sz300186,大华农
sz300187,永清环保
sz300188,美亚柏科
sz300189,神农大丰
sz300190,维尔利
sz300191,潜能恒信
sz300192,科斯伍德
sz300193,佳士科技
sz300194,福安药业
sz300195,长荣股份
sz300196,长海股份
sz300197,铁汉生态
sz300198,纳川股份
sz300199,翰宇药业
sz300200,高盟新材
sz300201,海伦哲
sz300202,聚龙股份
sz300203,聚光科技
sz300204,舒泰神
sz300205,天喻信息
sz300206,理邦仪器
sz300207,欣旺达
sz300208,恒顺电气
sz300209,天泽信息
sz300210,森远股份
sz300211,亿通科技
sz300212,易华录
sz300213,佳讯飞鸿
sz300214,日科化学
sz300215,电科院
sz300216,千山药机
sz300217,东方电热
sz300218,安利股份
sz300219,鸿利光电
sz300220,金运激光
sz300221,银禧科技
sz300222,科大智能
sz300223,北京君正
sz300224,正海磁材
sz300225,金力泰
sz300226,上海钢联
sz300227,光韵达
sz300228,富瑞特装
sz300229,拓尔思
sz300230,永利带业
sz300231,银信科技
sz300232,洲明科技
sz300233,金城医药
sz300234,开尔新材
sz300235,方直科技
sz300236,上海新阳
sz300237,美晨科技
sz300238,冠昊生物
sz300239,东宝生物
sz300240,飞力达
sz300241,瑞丰光电
sz300242,明家科技
sz300243,瑞丰高材
sz300244,迪安诊断
sz300245,天玑科技
sz300246,宝莱特
sz300247,桑乐金
sz300248,新开普
sz300249,依米康
sz300250,初灵信息
sz300251,光线传媒
sz300252,金信诺
sz300253,卫宁软件
sz300254,仟源制药
sz300255,常山药业
sz300256,星星科技
sz300257,开山股份
sz300258,精锻科技
sz300259,新天科技
sz300260,新莱应材
sz300261,雅本化学
sz300262,巴安水务
sz300263,隆华传热
sz300264,佳创视讯
sz300265,通光线缆
sz300266,兴源过滤
sz300267,尔康制药
sz300268,万福生科
sz300269,联建光电
sz300270,中威电子
sz300271,紫光华宇
sz300272,开能环保
sz300273,和佳股份
sz300274,阳光电源
sz300275,梅安森
sz300276,三丰智能
sz000001,上证指数
sz000002,Ａ股指数
sz000043,超大盘
sz000044,上证中盘
sz000045,上证小盘
sz000046,上证中小
sh600000,浦发银行
sh600004,白云机场
sh600005,武钢股份
sh600006,东风汽车
sh600007,中国国贸
sh600008,首创股份
sh600009,上海机场
sh600010,包钢股份
sh600011,华能国际
sh600012,皖通高速
sh600015,华夏银行
sh600016,民生银行
sh600017,日照港
sh600018,上港集团
sh600019,宝钢股份
sh600020,中原高速
sh600021,上海电力
sh600022,济南钢铁
sh600026,中海发展
sh600027,华电国际
sh600028,中国石化
sh600029,南方航空
sh600030,中信证券
sh600031,三一重工
sh600033,福建高速
sh600035,楚天高速
sh600036,招商银行
sh600037,歌华有线
sh600038,哈飞股份
sh600039,四川路桥
sh600048,保利地产
sh600050,中国联通
sh600051,宁波联合
sh600052,浙江广厦
sh600053,中江地产
sh600054,黄山旅游
sh600055,万东医疗
sh600056,中国医药
sh600057,象屿股份
sh600058,五矿发展
sh600059,古越龙山
sh600060,海信电器
sh600061,中纺投资
sh600062,双鹤药业
sh600063,皖维高新
sh600064,南京高科
sh600066,宇通客车
sh600067,冠城大通
sh600068,葛洲坝
sh600069,银鸽投资
sh600070,浙江富润
sh600071,凤凰光学
sh600072,中船股份
sh600073,上海梅林
sh600074,*ST中达
sh600075,新疆天业
sh600076,ST华光
sh600077,百科集团
sh600078,澄星股份
sh600079,人福医药
sh600080,ST金花
sh600081,东风科技
sh600082,海泰发展
sh600083,*ST博信
sh600084,*ST中葡
sh600085,同仁堂
sh600086,东方金钰
sh600087,长航油运
sh600088,中视传媒
sh600089,特变电工
sh600090,啤酒花
sh600091,ST明科
sh600093,禾嘉股份
sh600094,ST华源
sh600095,哈高科
sh600096,云天化
sh600097,开创国际
sh600098,广州控股
sh600099,林海股份
sh600100,同方股份
sh600101,明星电力
sh600102,莱钢股份
sh600103,青山纸业
sh600104,上海汽车
sh600105,永鼎股份
sh600106,重庆路桥
sh600107,美尔雅
sh600108,亚盛集团
sh600109,国金证券
sh600110,中科英华
sh600111,包钢稀土
sh600112,长征电气
sh600113,浙江东日
sh600114,东睦股份
sh600115,东方航空
sh600116,三峡水利
sh600117,西宁特钢
sh600118,中国卫星
sh600119,长江投资
sh600120,浙江东方
sh600121,郑州煤电
sh600122,宏图高科
sh600123,兰花科创
sh600125,铁龙物流
sh600126,杭钢股份
sh600127,金健米业
sh600128,弘业股份
sh600129,太极集团
sh600130,ST波导
sh600131,岷江水电
sh600132,重庆啤酒
sh600133,东湖高新
sh600135,乐凯胶片
sh600136,道博股份
sh600137,浪莎股份
sh600138,中青旅
sh600139,西部资源
sh600141,兴发集团
sh600143,金发科技
sh600145,ST国创
sh600146,大元股份
sh600148,长春一东
sh600149,*ST建通
sh600150,中国船舶
sh600151,航天机电
sh600152,维科精华
sh600153,建发股份
sh600155,*ST宝硕
sh600156,华升股份
sh600157,永泰能源
sh600158,中体产业
sh600159,大龙地产
sh600160,巨化股份
sh600161,天坛生物
sh600162,香江控股
sh600163,福建南纸
sh600165,新日恒力
sh600166,福田汽车
sh600167,联美控股
sh600168,武汉控股
sh600169,太原重工
sh600170,上海建工
sh600171,上海贝岭
sh600172,黄河旋风
sh600173,卧龙地产
sh600175,美都控股
sh600176,中国玻纤
sh600177,雅戈尔
sh600178,东安动力
sh600179,ST黑化
sh600180,*ST九发
sh600182,S佳通
sh600183,生益科技
sh600184,光电股份
sh600185,格力地产
sh600186,莲花味精
sh600187,国中水务
sh600188,兖州煤业
sh600189,吉林森工
sh600190,锦州港
sh600191,华资实业
sh600192,长城电工
sh600193,创兴资源
sh600195,中牧股份
sh600196,复星医药
sh600197,伊力特
sh600198,大唐电信
sh600199,金种子酒
sh600200,江苏吴中
sh600201,金宇集团
sh600202,哈空调
sh600203,*ST福日
sh600206,有研硅股
sh600207,ST安彩
sh600208,新湖中宝
sh600209,ST罗顿
sh600210,紫江企业
sh600211,西藏药业
sh600212,江泉实业
sh600213,亚星客车
sh600215,长春经开
sh600216,浙江医药
sh600217,ST秦岭
sh600218,全柴动力
sh600219,南山铝业
sh600220,江苏阳光
sh600221,海南航空
sh600222,太龙药业
sh600223,鲁商置业
sh600225,天津松江
sh600226,升华拜克
sh600227,赤天化
sh600228,*ST昌九
sh600229,青岛碱业
sh600230,沧州大化
sh600231,凌钢股份
sh600232,金鹰股份
sh600233,大杨创世
sh600234,ST天龙
sh600235,民丰特纸
sh600236,桂冠电力
sh600237,铜峰电子
sh600238,海南椰岛
sh600239,云南城投
sh600240,华业地产
sh600241,时代万恒
sh600242,中昌海运
sh600243,青海华鼎
sh600246,万通地产
sh600247,成城股份
sh600248,延长化建
sh600249,两面针
sh600250,南纺股份
sh600251,冠农股份
sh600252,中恒集团
sh600253,天方药业
sh600255,鑫科材料
sh600256,广汇股份
sh600257,大湖股份
sh600258,首旅股份
sh600259,广晟有色
sh600260,凯乐科技
sh600261,阳光照明
sh600262,北方股份
sh600263,路桥建设
sh600265,景谷林业
sh600266,北京城建
sh600267,海正药业
sh600268,国电南自
sh600269,赣粤高速
sh600270,外运发展
sh600271,航天信息
sh600272,开开实业
sh600273,华芳纺织
sh600275,ST昌鱼
sh600276,恒瑞医药
sh600277,亿利能源
sh600278,东方创业
sh600279,重庆港九
sh600280,南京中商
sh600281,*ST太化
sh600282,南钢股份
sh600283,钱江水利
sh600284,浦东建设
sh600285,羚锐制药
sh600287,江苏舜天
sh600288,大恒科技
sh600289,亿阳信通
sh600290,华仪电气
sh600291,西水股份
sh600292,九龙电力
sh600293,三峡新材
sh600295,鄂尔多斯
sh600297,美罗药业
sh600298,安琪酵母
sh600299,ST新材
sh600300,维维股份
sh600301,*ST南化
sh600302,标准股份
sh600303,曙光股份
sh600305,恒顺醋业
sh600306,商业城
sh600307,酒钢宏兴
sh600308,华泰股份
sh600309,烟台万华
sh600310,桂东电力
sh600311,荣华实业
sh600312,平高电气
sh600313,ST中农
sh600315,上海家化
sh600316,洪都航空
sh600317,营口港
sh600318,巢东股份
sh600319,亚星化学
sh600320,振华重工
sh600321,国栋建设
sh600322,天房发展
sh600323,南海发展
sh600325,华发股份
sh600326,西藏天路
sh600327,大东方
sh600328,兰太实业
sh600329,中新药业
sh600330,天通股份
sh600331,宏达股份
sh600332,广州药业
sh600333,长春燃气
sh600335,*ST盛工
sh600336,澳柯玛
sh600337,美克股份
sh600338,ST珠峰
sh600339,天利高新
sh600340,华夏幸福
sh600343,航天动力
sh600345,长江通信
sh600346,大橡塑
sh600348,阳泉煤业
sh600350,山东高速
sh600351,亚宝药业
sh600352,浙江龙盛
sh600353,旭光股份
sh600354,敦煌种业
sh600355,ST精伦
sh600356,恒丰纸业
sh600358,国旅联合
sh600359,新农开发
sh600360,华微电子
sh600361,华联综超
sh600362,江西铜业
sh600363,联创光电
sh600365,*ST通葡
sh600366,宁波韵升
sh600367,红星发展
sh600368,五洲交通
sh600369,西南证券
sh600370,三房巷
sh600371,万向德农
sh600372,中航电子
sh600373,中文传媒
sh600375,星马汽车
sh600376,首开股份
sh600377,宁沪高速
sh600378,天科股份
sh600379,宝光股份
sh600380,健康元
sh600381,ST贤成
sh600382,广东明珠
sh600383,金地集团
sh600385,ST金泰
sh600386,北巴传媒
sh600387,海越股份
sh600388,龙净环保
sh600389,江山股份
sh600390,金瑞科技
sh600391,成发科技
sh600392,太工天成
sh600393,东华实业
sh600395,盘江股份
sh600396,金山股份
sh600397,安源股份
sh600398,凯诺科技
sh600399,抚顺特钢
sh600400,红豆股份
sh600403,大有能源
sh600405,动力源
sh600406,国电南瑞
sh600408,安泰集团
sh600409,三友化工
sh600410,华胜天成
sh600415,小商品城
sh600416,湘电股份
sh600418,江淮汽车
sh600419,ST天宏
sh600420,现代制药
sh600421,ST国药
sh600422,昆明制药
sh600423,柳化股份
sh600425,青松建化
sh600426,华鲁恒升
sh600428,中远航运
sh600429,三元股份
sh600432,吉恩镍业
sh600433,冠豪高新
sh600435,中兵光电
sh600436,片仔癀
sh600438,通威股份
sh600439,瑞贝卡
sh600444,ST国通
sh600446,金证股份
sh600448,华纺股份
sh600449,赛马实业
sh600452,涪陵电力
sh600456,宝钛股份
sh600458,时代新材
sh600459,贵研铂业
sh600460,士兰微
sh600461,洪城水业
sh600462,*ST石岘
sh600463,空港股份
sh600466,迪康药业
sh600467,好当家
sh600468,百利电气
sh600469,风神股份
sh600470,六国化工
sh600475,华光股份
sh600476,湘邮科技
sh600477,杭萧钢构
sh600478,科力远
sh600479,千金药业
sh600480,凌云股份
sh600481,双良节能
sh600482,风帆股份
sh600483,福建南纺
sh600485,中创信测
sh600486,扬农化工
sh600487,亨通光电
sh600488,天药股份
sh600489,中金黄金
sh600490,ST合臣
sh600491,龙元建设
sh600493,凤竹纺织
sh600495,晋西车轴
sh600496,精工钢构
sh600497,驰宏锌锗
sh600498,烽火通信
sh600499,科达机电
sh600500,中化国际
sh600501,航天晨光
sh600502,安徽水利
sh600503,华丽家族
sh600505,西昌电力
sh600506,ST香梨
sh600507,方大特钢
sh600508,上海能源
sh600509,天富热电
sh600510,黑牡丹
sh600511,国药股份
sh600512,腾达建设
sh600513,联环药业
sh600515,ST筑信
sh600516,方大炭素
sh600517,置信电气
sh600518,康美药业
sh600519,贵州茅台
sh600520,中发科技
sh600521,华海药业
sh600522,中天科技
sh600523,贵航股份
sh600525,长园集团
sh600526,菲达环保
sh600527,江南高纤
sh600528,中铁二局
sh600529,山东药玻
sh600530,交大昂立
sh600531,豫光金铅
sh600532,华阳科技
sh600533,栖霞建设
sh600535,天士力
sh600536,中国软件
sh600537,海通集团
sh600538,ST国发
sh600539,ST狮头
sh600540,新赛股份
sh600543,莫高股份
sh600545,新疆城建
sh600546,山煤国际
sh600547,山东黄金
sh600548,深高速
sh600549,厦门钨业
sh600550,天威保变
sh600551,时代出版
sh600552,方兴科技
sh600555,九龙山
sh600557,康缘药业
sh600558,大西洋
sh600559,老白干酒
sh600560,金自天正
sh600561,江西长运
sh600562,ST高陶
sh600563,法拉电子
sh600565,迪马股份
sh600566,洪城股份
sh600567,山鹰纸业
sh600568,中珠控股
sh600569,安阳钢铁
sh600570,恒生电子
sh600571,信雅达
sh600572,康恩贝
sh600573,惠泉啤酒
sh600575,芜湖港
sh600576,万好万家
sh600577,精达股份
sh600578,京能热电
sh600579,ST黄海
sh600580,卧龙电气
sh600581,八一钢铁
sh600582,天地科技
sh600583,海油工程
sh600584,长电科技
sh600585,海螺水泥
sh600586,金晶科技
sh600587,新华医疗
sh600588,用友软件
sh600589,广东榕泰
sh600590,泰豪科技
sh600592,龙溪股份
sh600593,大连圣亚
sh600594,益佰制药
sh600595,中孚实业
sh600596,新安股份
sh600597,光明乳业
sh600598,北大荒
sh600599,熊猫烟花
sh600600,青岛啤酒
sh600601,方正科技
sh600602,广电电子
sh600603,ST兴业
sh600604,*ST二纺
sh600605,汇通能源
sh600606,金丰投资
sh600608,ST沪科
sh600609,ST金杯
sh600610,SST中纺
sh600611,大众交通
sh600612,老凤祥
sh600613,永生投资
sh600614,鼎立股份
sh600615,丰华股份
sh600616,金枫酒业
sh600617,*ST联华
sh600618,氯碱化工
sh600619,海立股份
sh600620,天宸股份
sh600621,上海金陵
sh600622,嘉宝集团
sh600623,双钱股份
sh600624,复旦复华
sh600626,申达股份
sh600628,新世界
sh600629,棱光实业
sh600630,龙头股份
sh600633,浙报传媒
sh600635,大众公用
sh600636,三爱富
sh600637,广电信息
sh600638,新黄浦
sh600639,浦东金桥
sh600640,中卫国脉
sh600641,万业企业
sh600642,申能股份
sh600643,爱建股份
sh600644,乐山电力
sh600645,ST中源
sh600647,同达创业
sh600648,外高桥
sh600649,城投控股
sh600650,锦江投资
sh600651,飞乐音响
sh600652,爱使股份
sh600653,申华控股
sh600654,飞乐股份
sh600655,豫园商城
sh600656,ST博元
sh600657,信达地产
sh600658,电子城
sh600660,福耀玻璃
sh600661,新南洋
sh600662,强生控股
sh600663,陆家嘴
sh600664,哈药股份
sh600665,天地源
sh600666,西南药业
sh600667,太极实业
sh600668,尖峰集团
sh600671,*ST天目
sh600673,东阳光铝
sh600674,川投能源
sh600675,中华企业
sh600676,交运股份
sh600677,航天通信
sh600678,*ST金顶
sh600679,金山开发
sh600680,上海普天
sh600681,ST万鸿
sh600682,南京新百
sh600683,京投银泰
sh600684,珠江实业
sh600685,广船国际
sh600686,金龙汽车
sh600687,刚泰控股
sh600688,S上石化
sh600689,上海三毛
sh600690,青岛海尔
sh600691,*ST东碳
sh600692,亚通股份
sh600693,东百集团
sh600694,大商股份
sh600695,大江股份
sh600696,多伦股份
sh600697,欧亚集团
sh600698,*ST轻骑
sh600699,ST得亨
sh600701,工大高新
sh600702,沱牌舍得
sh600703,三安光电
sh600704,物产中大
sh600706,ST长信
sh600707,彩虹股份
sh600708,海博股份
sh600710,常林股份
sh600711,盛屯矿业
sh600712,南宁百货
sh600713,南京医药
sh600714,金瑞矿业
sh600715,*ST松辽
sh600716,凤凰股份
sh600717,天津港
sh600718,东软集团
sh600719,大连热电
sh600720,祁连山
sh600721,百花村
sh600722,ST金化
sh600723,首商股份
sh600724,宁波富达
sh600725,云维股份
sh600726,华电能源
sh600727,ST鲁北
sh600728,新太科技
sh600729,重庆百货
sh600730,中国高科
sh600731,湖南海利
sh600732,上海新梅
sh600733,S前锋
sh600734,实达集团
sh600735,新华锦
sh600736,苏州高新
sh600737,中粮屯河
sh600738,兰州民百
sh600739,辽宁成大
sh600740,山西焦化
sh600741,华域汽车
sh600742,一汽富维
sh600743,华远地产
sh600744,华银电力
sh600745,中茵股份
sh600746,江苏索普
sh600747,大连控股
sh600748,上实发展
sh600749,西藏旅游
sh600750,江中药业
sh600751,SST天海
sh600753,东方银星
sh600754,锦江股份
sh600755,厦门国贸
sh600756,浪潮软件
sh600757,ST源发
sh600758,红阳能源
sh600759,正和股份
sh600760,中航黑豹
sh600761,安徽合力
sh600763,通策医疗
sh600764,中电广通
sh600765,中航重机
sh600766,ST园城
sh600767,运盛实业
sh600768,宁波富邦
sh600769,ST祥龙
sh600770,综艺股份
sh600771,ST东盛
sh600773,西藏城投
sh600774,汉商集团
sh600775,南京熊猫
sh600776,东方通信
sh600777,新潮实业
sh600778,友好集团
sh600779,水井坊
sh600780,通宝能源
sh600781,上海辅仁
sh600782,新钢股份
sh600783,鲁信创投
sh600784,鲁银投资
sh600785,新华百货
sh600787,中储股份
sh600789,鲁抗医药
sh600790,轻纺城
sh600791,京能置业
sh600792,云煤能源
sh600793,ST宜纸
sh600794,保税科技
sh600795,国电电力
sh600796,钱江生化
sh600797,浙大网新
sh600798,宁波海运
sh600800,ST磁卡
sh600801,华新水泥
sh600802,福建水泥
sh600803,威远生化
sh600804,鹏博士
sh600805,悦达投资
sh600806,昆明机床
sh600807,天业股份
sh600808,马钢股份
sh600809,山西汾酒
sh600810,神马股份
sh600811,东方集团
sh600812,华北制药
sh600814,杭州解百
sh600815,厦工股份
sh600816,安信信托
sh600818,中路股份
sh600819,耀皮玻璃
sh600820,隧道股份
sh600821,津劝业
sh600822,上海物贸
sh600823,世茂股份
sh600824,益民集团
sh600825,新华传媒
sh600826,兰生股份
sh600827,友谊股份
sh600828,成商集团
sh600829,三精制药
sh600830,香溢融通
sh600831,广电网络
sh600832,东方明珠
sh600833,第一医药
sh600834,申通地铁
sh600835,上海机电
sh600836,界龙实业
sh600837,海通证券
sh600838,上海九百
sh600839,四川长虹
sh600841,上柴股份
sh600843,上工申贝
sh600844,丹化科技
sh600845,宝信软件
sh600846,同济科技
sh600847,ST渝万里
sh600848,自仪股份
sh600850,华东电脑
sh600851,海欣股份
sh600853,龙建股份
sh600854,ST春兰
sh600855,航天长峰
sh600856,长百集团
sh600857,工大首创
sh600858,银座股份
sh600859,王府井
sh600860,ST北人
sh600861,北京城乡
sh600862,南通科技
sh600863,内蒙华电
sh600864,哈投股份
sh600865,百大集团
sh600866,星湖科技
sh600867,通化东宝
sh600868,ST梅雁
sh600869,三普药业
sh600870,ST厦华
sh600871,S仪化
sh600872,中炬高新
sh600873,梅花集团
sh600874,创业环保
sh600875,东方电气
sh600876,洛阳玻璃
sh600877,中国嘉陵
sh600879,航天电子
sh600880,博瑞传播
sh600881,亚泰集团
sh600882,大成股份
sh600883,博闻科技
sh600884,杉杉股份
sh600885,*ST力阳
sh600886,国投电力
sh600887,伊利股份
sh600888,新疆众和
sh600889,南京化纤
sh600890,ST中房
sh600891,秋林集团
sh600892,*ST宝诚
sh600893,航空动力
sh600894,广钢股份
sh600895,张江高科
sh600896,中海海盛
sh600897,厦门空港
sh600898,三联商社
sh600900,长江电力
sh600960,渤海活塞
sh600961,株冶集团
sh600962,国投中鲁
sh600963,岳阳林纸
sh600965,福成五丰
sh600966,博汇纸业
sh600967,北方创业
sh600969,郴电国际
sh600970,中材国际
sh600971,恒源煤电
sh600973,宝胜股份
sh600975,新五丰
sh600976,武汉健民
sh600978,宜华木业
sh600979,广安爱众
sh600980,北矿磁材
sh600981,江苏开元
sh600982,宁波热电
sh600983,合肥三洋
sh600984,ST建机
sh600985,雷鸣科化
sh600986,科达股份
sh600987,航民股份
sh600988,ST宝龙
sh600990,四创电子
sh600991,广汽长丰
sh600992,贵绳股份
sh600993,马应龙
sh600995,文山电力
sh600997,开滦股份
sh600998,九州通
sh600999,招商证券
sh601000,唐山港
sh601001,大同煤业
sh601002,晋亿实业
sh601003,柳钢股份
sh601005,重庆钢铁
sh601006,大秦铁路
sh601007,金陵饭店
sh601008,连云港
sh601009,南京银行
sh601010,文峰股份
sh601011,宝泰隆
sh601018,宁波港
sh601028,玉龙股份
sh601058,赛轮股份
sh601088,中国神华
sh601098,中南传媒
sh601099,太平洋
sh601100,恒立油缸
sh601101,昊华能源
sh601106,中国一重
sh601107,四川成渝
sh601111,中国国航
sh601113,华鼎锦纶
sh601116,三江购物
sh601117,中国化学
sh601118,海南橡胶
sh601126,四方股份
sh601137,博威合金
sh601139,深圳燃气
sh601158,重庆水务
sh601166,兴业银行
sh601168,西部矿业
sh601169,北京银行
sh601177,杭齿前进
sh601179,中国西电
sh601186,中国铁建
sh601188,龙江交通
sh601199,江南水务
sh601208,东材科技
sh601216,内蒙君正
sh601218,吉鑫科技
sh601222,林洋电子
sh601233,桐昆股份
sh601258,庞大集团
sh601268,二重重装
sh601288,农业银行
sh601299,中国北车
sh601311,骆驼股份
sh601318,中国平安
sh601328,交通银行
sh601333,广深铁路
sh601369,陕鼓动力
sh601377,兴业证券
sh601390,中国中铁
sh601398,工商银行
sh601518,吉林高速
sh601519,大智慧
sh601558,华锐风电
sh601566,九牧王
sh601567,三星电气
sh601588,北辰实业
sh601599,鹿港科技
sh601600,中国铝业
sh601601,中国太保
sh601607,上海医药
sh601616,广电电气
sh601618,中国中冶
sh601628,中国人寿
sh601633,长城汽车
sh601636,旗滨集团
sh601666,平煤股份
sh601668,中国建筑
sh601669,中国水电
sh601677,明泰铝业
sh601678,滨化股份
sh601688,华泰证券
sh601699,潞安环能
sh601700,风范股份
sh601717,郑煤机
sh601718,际华集团
sh601727,上海电气
sh601766,中国南车
sh601777,力帆股份
sh601788,光大证券
sh601789,宁波建工
sh601798,蓝科高新
sh601799,星宇股份
sh601801,皖新传媒
sh601808,中海油服
sh601818,光大银行
sh601857,中国石油
sh601866,中海集运
sh601872,招商轮船
sh601877,正泰电器
sh601880,大连港
sh601886,江河幕墙
sh601888,中国国旅
sh601890,亚星锚链
sh601898,中煤能源
sh601899,紫金矿业
sh601901,方正证券
sh601908,京运通
sh601918,国投新集
sh601919,中国远洋
sh601933,永辉超市
sh601939,建设银行
sh601958,金钼股份
sh601988,中国银行
sh601989,中国重工
sh601991,大唐发电
sh601992,金隅股份
sh601996,丰林集团
sh601998,中信银行
sh601999,出版传媒